Subject,CSP Acc,CSP Kappa,EEGNet Acc (μ±σ),EEGNet Kappa (μ±σ),Δ Acc,Δ Kappa
1,0.6319,0.2639,0.6528±0.0247,0.3056±0.0494,+0.0208,+0.0417
2,0.5486,0.0972,0.5949±0.0256,0.1898±0.0511,+0.0463,+0.0926
3,0.6042,0.2083,0.7593±0.0386,0.5185±0.0772,+0.1551,+0.3102
4,0.5208,0.0417,0.5509±0.0173,0.1019±0.0346,+0.0301,+0.0602
5,0.5208,0.0417,0.5116±0.0236,0.0231±0.0472,-0.0093,-0.0185
6,0.5556,0.1111,0.6505±0.0118,0.3009±0.0236,+0.0949,+0.1898
7,0.6042,0.2083,0.5926±0.0087,0.1852±0.0173,-0.0116,-0.0231
8,0.7014,0.4028,0.7407±0.0087,0.4815±0.0173,+0.0394,+0.0787
9,0.7639,0.5278,0.8218±0.0418,0.6435±0.0836,+0.0579,+0.1157
